id,filename,label,box
F_00001,PennFudanPed/PNGImages/FudanPed00001.png,PASpersonWalking,"[160, 182, 302, 431]"
F_00001,PennFudanPed/PNGImages/FudanPed00001.png,PASpersonWalking,"[420, 171, 535, 486]"
F_00002,PennFudanPed/PNGImages/FudanPed00002.png,PASpersonWalking,"[68, 93, 191, 380]"
F_00003,PennFudanPed/PNGImages/FudanPed00003.png,PASpersonWalking,"[293, 135, 447, 421]"
F_00004,PennFudanPed/PNGImages/FudanPed00004.png,PASpersonWalking,"[168, 60, 324, 338]"
F_00004,PennFudanPed/PNGImages/FudanPed00004.png,PASpersonWalking,"[9, 61, 48, 180]"
F_00005,PennFudanPed/PNGImages/FudanPed00005.png,PASpersonWalking,"[188, 59, 320, 336]"
F_00005,PennFudanPed/PNGImages/FudanPed00005.png,PASpersonWalking,"[2, 53, 40, 158]"
F_00006,PennFudanPed/PNGImages/FudanPed00006.png,PASpersonWalking,"[208, 108, 346, 385]"
F_00006,PennFudanPed/PNGImages/FudanPed00006.png,PASpersonWalking,"[2, 108, 87, 384]"
F_00007,PennFudanPed/PNGImages/FudanPed00007.png,PASpersonWalking,"[112, 69, 218, 346]"
F_00007,PennFudanPed/PNGImages/FudanPed00007.png,PASpersonWalking,"[378, 76, 529, 377]"
F_00007,PennFudanPed/PNGImages/FudanPed00007.png,PASpersonWalking,"[317, 108, 347, 192]"
F_00008,PennFudanPed/PNGImages/FudanPed00008.png,PASpersonWalking,"[228, 158, 370, 436]"
F_00008,PennFudanPed/PNGImages/FudanPed00008.png,PASpersonWalking,"[39, 179, 115, 363]"
F_00009,PennFudanPed/PNGImages/FudanPed00009.png,PASpersonWalking,"[306, 138, 453, 430]"
F_00009,PennFudanPed/PNGImages/FudanPed00009.png,PASpersonWalking,"[157, 124, 298, 398]"
F_00010,PennFudanPed/PNGImages/FudanPed00010.png,PASpersonWalking,"[281, 90, 401, 374]"
F_00011,PennFudanPed/PNGImages/FudanPed00011.png,PASpersonWalking,"[278, 112, 438, 394]"
F_00012,PennFudanPed/PNGImages/FudanPed00012.png,PASpersonWalking,"[159, 71, 295, 361]"
F_00012,PennFudanPed/PNGImages/FudanPed00012.png,PASpersonWalking,"[328, 58, 439, 327]"
F_00013,PennFudanPed/PNGImages/FudanPed00013.png,PASpersonWalking,"[389, 193, 554, 476]"
F_00014,PennFudanPed/PNGImages/FudanPed00014.png,PASpersonWalking,"[234, 86, 405, 367]"
F_00015,PennFudanPed/PNGImages/FudanPed00015.png,PASpersonWalking,"[19, 43, 174, 327]"
F_00016,PennFudanPed/PNGImages/FudanPed00016.png,PASpersonWalking,"[80, 86, 205, 383]"
F_00016,PennFudanPed/PNGImages/FudanPed00016.png,PASpersonWalking,"[279, 94, 400, 361]"
F_00016,PennFudanPed/PNGImages/FudanPed00016.png,PASpersonWalking,"[411, 101, 495, 378]"
F_00017,PennFudanPed/PNGImages/FudanPed00017.png,PASpersonWalking,"[115, 48, 244, 332]"
F_00018,PennFudanPed/PNGImages/FudanPed00018.png,PASpersonWalking,"[20, 19, 126, 304]"
F_00019,PennFudanPed/PNGImages/FudanPed00019.png,PASpersonWalking,"[7, 135, 142, 389]"
F_00019,PennFudanPed/PNGImages/FudanPed00019.png,PASpersonWalking,"[194, 123, 339, 421]"
F_00020,PennFudanPed/PNGImages/FudanPed00020.png,PASpersonWalking,"[339, 99, 508, 381]"
F_00021,PennFudanPed/PNGImages/FudanPed00021.png,PASpersonWalking,"[324, 76, 470, 367]"
F_00021,PennFudanPed/PNGImages/FudanPed00021.png,PASpersonWalking,"[234, 93, 268, 167]"
F_00021,PennFudanPed/PNGImages/FudanPed00021.png,PASpersonWalking,"[47, 95, 69, 160]"
F_00022,PennFudanPed/PNGImages/FudanPed00022.png,PASpersonStanding,"[112, 169, 209, 449]"
F_00022,PennFudanPed/PNGImages/FudanPed00022.png,PASpersonWalking,"[397, 171, 514, 455]"
F_00023,PennFudanPed/PNGImages/FudanPed00023.png,PASpersonWalking,"[202, 84, 341, 366]"
F_00024,PennFudanPed/PNGImages/FudanPed00024.png,PASpersonWalking,"[103, 84, 270, 370]"
F_00025,PennFudanPed/PNGImages/FudanPed00025.png,PASpersonWalking,"[226, 69, 396, 354]"
F_00025,PennFudanPed/PNGImages/FudanPed00025.png,PASpersonWalking,"[44, 87, 94, 256]"
F_00025,PennFudanPed/PNGImages/FudanPed00025.png,PASpersonWalking,"[128, 74, 189, 262]"
F_00025,PennFudanPed/PNGImages/FudanPed00025.png,PASpersonWalking,"[180, 53, 228, 255]"
F_00025,PennFudanPed/PNGImages/FudanPed00025.png,PASpersonWalking,"[213, 73, 273, 262]"
F_00025,PennFudanPed/PNGImages/FudanPed00025.png,PASpersonWalking,"[314, 62, 383, 266]"
F_00026,PennFudanPed/PNGImages/FudanPed00026.png,PASpersonWalking,"[44, 78, 150, 389]"
F_00026,PennFudanPed/PNGImages/FudanPed00026.png,PASpersonWalking,"[185, 89, 279, 373]"
F_00027,PennFudanPed/PNGImages/FudanPed00027.png,PASpersonWalking,"[104, 45, 253, 328]"
F_00028,PennFudanPed/PNGImages/FudanPed00028.png,PASpersonWalking,"[7, 16, 149, 303]"
F_00028,PennFudanPed/PNGImages/FudanPed00028.png,PASpersonWalking,"[186, 18, 316, 321]"
F_00029,PennFudanPed/PNGImages/FudanPed00029.png,PASpersonWalking,"[246, 72, 368, 351]"
F_00030,PennFudanPed/PNGImages/FudanPed00030.png,PASpersonWalking,"[59, 85, 208, 375]"
F_00031,PennFudanPed/PNGImages/FudanPed00031.png,PASpersonWalking,"[298, 122, 444, 408]"
F_00032,PennFudanPed/PNGImages/FudanPed00032.png,PASpersonWalking,"[456, 162, 573, 453]"
F_00033,PennFudanPed/PNGImages/FudanPed00033.png,PASpersonWalking,"[165, 53, 304, 346]"
F_00034,PennFudanPed/PNGImages/FudanPed00034.png,PASpersonWalking,"[111, 37, 254, 330]"
F_00035,PennFudanPed/PNGImages/FudanPed00035.png,PASpersonWalking,"[64, 39, 195, 331]"
F_00036,PennFudanPed/PNGImages/FudanPed00036.png,PASpersonWalking,"[131, 98, 279, 394]"
F_00036,PennFudanPed/PNGImages/FudanPed00036.png,PASpersonWalking,"[802, 120, 937, 381]"
F_00036,PennFudanPed/PNGImages/FudanPed00036.png,PASpersonWalking,"[244, 133, 330, 363]"
F_00036,PennFudanPed/PNGImages/FudanPed00036.png,PASpersonWalking,"[726, 145, 789, 345]"
F_00037,PennFudanPed/PNGImages/FudanPed00037.png,PASpersonWalking,"[259, 63, 415, 349]"
F_00037,PennFudanPed/PNGImages/FudanPed00037.png,PASpersonWalking,"[190, 98, 209, 170]"
F_00038,PennFudanPed/PNGImages/FudanPed00038.png,PASpersonWalking,"[219, 44, 400, 331]"
F_00039,PennFudanPed/PNGImages/FudanPed00039.png,PASpersonWalking,"[137, 137, 199, 311]"
F_00039,PennFudanPed/PNGImages/FudanPed00039.png,PASpersonWalking,"[231, 130, 331, 410]"
F_00040,PennFudanPed/PNGImages/FudanPed00040.png,PASpersonWalking,"[201, 157, 279, 437]"
F_00040,PennFudanPed/PNGImages/FudanPed00040.png,PASpersonWalking,"[279, 172, 377, 430]"
F_00041,PennFudanPed/PNGImages/FudanPed00041.png,PASpersonWalking,"[351, 161, 439, 437]"
F_00041,PennFudanPed/PNGImages/FudanPed00041.png,PASpersonWalking,"[284, 181, 357, 439]"
F_00041,PennFudanPed/PNGImages/FudanPed00041.png,PASpersonWalking,"[42, 186, 110, 388]"
F_00042,PennFudanPed/PNGImages/FudanPed00042.png,PASpersonWalking,"[159, 186, 250, 470]"
F_00042,PennFudanPed/PNGImages/FudanPed00042.png,PASpersonWalking,"[288, 156, 392, 449]"
F_00043,PennFudanPed/PNGImages/FudanPed00043.png,PASpersonStanding,"[64, 139, 147, 426]"
F_00043,PennFudanPed/PNGImages/FudanPed00043.png,PASpersonStanding,"[156, 139, 248, 435]"
F_00043,PennFudanPed/PNGImages/FudanPed00043.png,PASpersonStanding,"[261, 128, 358, 431]"
F_00044,PennFudanPed/PNGImages/FudanPed00044.png,PASpersonWalking,"[246, 170, 340, 462]"
F_00044,PennFudanPed/PNGImages/FudanPed00044.png,PASpersonWalking,"[337, 175, 426, 464]"
F_00044,PennFudanPed/PNGImages/FudanPed00044.png,PASpersonWalking,"[37, 129, 181, 492]"
F_00044,PennFudanPed/PNGImages/FudanPed00044.png,PASpersonWalking,"[436, 157, 501, 402]"
F_00045,PennFudanPed/PNGImages/FudanPed00045.png,PASpersonStanding,"[198, 198, 294, 481]"
F_00045,PennFudanPed/PNGImages/FudanPed00045.png,PASpersonWalking,"[319, 201, 404, 499]"
F_00045,PennFudanPed/PNGImages/FudanPed00045.png,PASpersonWalking,"[395, 212, 469, 495]"
F_00046,PennFudanPed/PNGImages/FudanPed00046.png,PASpersonWalking,"[178, 123, 271, 410]"
F_00046,PennFudanPed/PNGImages/FudanPed00046.png,PASpersonWalking,"[299, 114, 370, 335]"
F_00046,PennFudanPed/PNGImages/FudanPed00046.png,PASpersonStanding,"[446, 104, 507, 315]"
F_00046,PennFudanPed/PNGImages/FudanPed00046.png,PASpersonWalking,"[521, 119, 565, 258]"
F_00047,PennFudanPed/PNGImages/FudanPed00047.png,PASpersonWalking,"[272, 198, 371, 482]"
F_00047,PennFudanPed/PNGImages/FudanPed00047.png,PASpersonWalking,"[31, 195, 90, 427]"
F_00047,PennFudanPed/PNGImages/FudanPed00047.png,PASpersonWalking,"[384, 185, 430, 298]"
F_00048,PennFudanPed/PNGImages/FudanPed00048.png,PASpersonWalking,"[6, 242, 84, 535]"
F_00048,PennFudanPed/PNGImages/FudanPed00048.png,PASpersonWalking,"[79, 231, 144, 455]"
F_00048,PennFudanPed/PNGImages/FudanPed00048.png,PASpersonWalking,"[158, 219, 251, 507]"
F_00048,PennFudanPed/PNGImages/FudanPed00048.png,PASpersonWalking,"[460, 263, 580, 544]"
F_00049,PennFudanPed/PNGImages/FudanPed00049.png,PASpersonStanding,"[127, 123, 213, 412]"
F_00049,PennFudanPed/PNGImages/FudanPed00049.png,PASpersonStanding,"[214, 106, 317, 392]"
F_00049,PennFudanPed/PNGImages/FudanPed00049.png,PASpersonStanding,"[315, 107, 435, 387]"
F_00050,PennFudanPed/PNGImages/FudanPed00050.png,PASpersonWalking,"[33, 203, 135, 484]"
F_00050,PennFudanPed/PNGImages/FudanPed00050.png,PASpersonWalking,"[291, 205, 369, 412]"
F_00051,PennFudanPed/PNGImages/FudanPed00051.png,PASpersonWalking,"[126, 191, 218, 476]"
F_00052,PennFudanPed/PNGImages/FudanPed00052.png,PASpersonWalking,"[206, 189, 308, 492]"
F_00053,PennFudanPed/PNGImages/FudanPed00053.png,PASpersonWalking,"[94, 169, 195, 432]"
F_00053,PennFudanPed/PNGImages/FudanPed00053.png,PASpersonStanding,"[389, 150, 499, 453]"
F_00054,PennFudanPed/PNGImages/FudanPed00054.png,PASpersonWalking,"[97, 135, 182, 418]"
F_00054,PennFudanPed/PNGImages/FudanPed00054.png,PASpersonWalking,"[287, 114, 358, 332]"
F_00054,PennFudanPed/PNGImages/FudanPed00054.png,PASpersonWalking,"[364, 121, 437, 329]"
F_00055,PennFudanPed/PNGImages/FudanPed00055.png,PASpersonWalking,"[148, 178, 277, 530]"
F_00056,PennFudanPed/PNGImages/FudanPed00056.png,PASpersonWalking,"[439, 247, 537, 522]"
F_00056,PennFudanPed/PNGImages/FudanPed00056.png,PASpersonWalking,"[200, 259, 270, 529]"
F_00056,PennFudanPed/PNGImages/FudanPed00056.png,PASpersonWalking,"[252, 256, 374, 528]"
F_00057,PennFudanPed/PNGImages/FudanPed00057.png,PASpersonWalking,"[22, 91, 143, 406]"
F_00057,PennFudanPed/PNGImages/FudanPed00057.png,PASpersonWalking,"[131, 93, 205, 358]"
F_00057,PennFudanPed/PNGImages/FudanPed00057.png,PASpersonWalking,"[237, 83, 312, 356]"
F_00057,PennFudanPed/PNGImages/FudanPed00057.png,PASpersonWalking,"[343, 117, 388, 267]"
F_00057,PennFudanPed/PNGImages/FudanPed00057.png,PASpersonWalking,"[386, 116, 427, 250]"
F_00058,PennFudanPed/PNGImages/FudanPed00058.png,PASpersonWalking,"[145, 92, 261, 463]"
F_00058,PennFudanPed/PNGImages/FudanPed00058.png,PASpersonStanding,"[43, 123, 64, 211]"
F_00058,PennFudanPed/PNGImages/FudanPed00058.png,PASpersonWalking,"[289, 102, 341, 280]"
F_00058,PennFudanPed/PNGImages/FudanPed00058.png,PASpersonWalking,"[353, 97, 406, 276]"
F_00058,PennFudanPed/PNGImages/FudanPed00058.png,PASpersonWalking,"[427, 126, 446, 182]"
F_00058,PennFudanPed/PNGImages/FudanPed00058.png,PASpersonStanding,"[462, 126, 474, 171]"
F_00058,PennFudanPed/PNGImages/FudanPed00058.png,PASpersonStanding,"[473, 133, 489, 183]"
F_00058,PennFudanPed/PNGImages/FudanPed00058.png,PASpersonWalking,"[492, 121, 517, 202]"
F_00059,PennFudanPed/PNGImages/FudanPed00059.png,PASpersonWalking,"[35, 54, 135, 330]"
F_00059,PennFudanPed/PNGImages/FudanPed00059.png,PASpersonWalking,"[159, 36, 252, 329]"
F_00059,PennFudanPed/PNGImages/FudanPed00059.png,PASpersonWalking,"[270, 45, 380, 328]"
F_00060,PennFudanPed/PNGImages/FudanPed00060.png,PASpersonWalking,"[188, 141, 291, 427]"
F_00060,PennFudanPed/PNGImages/FudanPed00060.png,PASpersonWalking,"[293, 130, 384, 430]"
F_00060,PennFudanPed/PNGImages/FudanPed00060.png,PASpersonWalking,"[395, 149, 498, 427]"
F_00061,PennFudanPed/PNGImages/FudanPed00061.png,PASpersonWalking,"[165, 70, 266, 353]"
F_00061,PennFudanPed/PNGImages/FudanPed00061.png,PASpersonWalking,"[343, 86, 429, 381]"
F_00061,PennFudanPed/PNGImages/FudanPed00061.png,PASpersonWalking,"[406, 85, 531, 387]"
F_00062,PennFudanPed/PNGImages/FudanPed00062.png,PASpersonStanding,"[175, 25, 255, 321]"
F_00062,PennFudanPed/PNGImages/FudanPed00062.png,PASpersonStanding,"[291, 34, 377, 330]"
F_00063,PennFudanPed/PNGImages/FudanPed00063.png,PASpersonWalking,"[29, 38, 114, 332]"
F_00063,PennFudanPed/PNGImages/FudanPed00063.png,PASpersonWalking,"[156, 42, 262, 329]"
F_00063,PennFudanPed/PNGImages/FudanPed00063.png,PASpersonWalking,"[312, 54, 330, 99]"
F_00063,PennFudanPed/PNGImages/FudanPed00063.png,PASpersonWalking,"[297, 54, 303, 73]"
F_00063,PennFudanPed/PNGImages/FudanPed00063.png,PASpersonWalking,"[305, 53, 310, 73]"
F_00064,PennFudanPed/PNGImages/FudanPed00064.png,PASpersonWalking,"[141, 98, 240, 387]"
F_00064,PennFudanPed/PNGImages/FudanPed00064.png,PASpersonWalking,"[317, 101, 400, 395]"
F_00064,PennFudanPed/PNGImages/FudanPed00064.png,PASpersonWalking,"[400, 112, 517, 407]"
F_00065,PennFudanPed/PNGImages/FudanPed00065.png,PASpersonStanding,"[29, 69, 147, 382]"
F_00065,PennFudanPed/PNGImages/FudanPed00065.png,PASpersonStanding,"[147, 84, 242, 385]"
F_00065,PennFudanPed/PNGImages/FudanPed00065.png,PASpersonStanding,"[234, 70, 311, 393]"
F_00065,PennFudanPed/PNGImages/FudanPed00065.png,PASpersonStanding,"[342, 88, 430, 351]"
F_00065,PennFudanPed/PNGImages/FudanPed00065.png,PASpersonWalking,"[13, 58, 64, 183]"
F_00066,PennFudanPed/PNGImages/FudanPed00066.png,PASpersonWalking,"[248, 50, 329, 351]"
F_00067,PennFudanPed/PNGImages/FudanPed00067.png,PASpersonWalking,"[62, 79, 184, 375]"
F_00068,PennFudanPed/PNGImages/FudanPed00068.png,PASpersonWalking,"[249, 66, 318, 361]"
F_00069,PennFudanPed/PNGImages/FudanPed00069.png,PASpersonWalking,"[215, 70, 315, 363]"
F_00070,PennFudanPed/PNGImages/FudanPed00070.png,PASpersonWalking,"[288, 70, 370, 364]"
F_00071,PennFudanPed/PNGImages/FudanPed00071.png,PASpersonWalking,"[121, 44, 246, 330]"
F_00071,PennFudanPed/PNGImages/FudanPed00071.png,PASpersonWalking,"[256, 37, 339, 348]"
F_00071,PennFudanPed/PNGImages/FudanPed00071.png,PASpersonWalking,"[226, 52, 255, 119]"
F_00072,PennFudanPed/PNGImages/FudanPed00072.png,PASpersonWalking,"[48, 40, 139, 332]"
F_00073,PennFudanPed/PNGImages/FudanPed00073.png,PASpersonWalking,"[56, 66, 159, 360]"
F_00073,PennFudanPed/PNGImages/FudanPed00073.png,PASpersonWalking,"[193, 59, 289, 352]"
F_00074,PennFudanPed/PNGImages/FudanPed00074.png,PASpersonStanding,"[48, 51, 126, 351]"
F_00074,PennFudanPed/PNGImages/FudanPed00074.png,PASpersonStanding,"[178, 61, 256, 345]"
P_00001,PennFudanPed/PNGImages/PennPed00001.png,PASpersonWalking,"[83, 66, 197, 353]"
P_00001,PennFudanPed/PNGImages/PennPed00001.png,PASpersonWalking,"[265, 75, 355, 338]"
P_00001,PennFudanPed/PNGImages/PennPed00001.png,PASpersonWalking,"[403, 38, 501, 348]"
P_00001,PennFudanPed/PNGImages/PennPed00001.png,PASpersonWalking,"[514, 65, 610, 318]"
P_00001,PennFudanPed/PNGImages/PennPed00001.png,PASpersonStanding,"[206, 25, 266, 196]"
P_00002,PennFudanPed/PNGImages/PennPed00002.png,PASpersonWalking,"[9, 84, 97, 304]"
P_00002,PennFudanPed/PNGImages/PennPed00002.png,PASpersonWalking,"[83, 45, 165, 298]"
P_00002,PennFudanPed/PNGImages/PennPed00002.png,PASpersonWalking,"[268, 84, 370, 298]"
P_00002,PennFudanPed/PNGImages/PennPed00002.png,PASpersonWalking,"[363, 33, 516, 335]"
P_00002,PennFudanPed/PNGImages/PennPed00002.png,PASpersonWalking,"[576, 75, 713, 362]"
P_00002,PennFudanPed/PNGImages/PennPed00002.png,PASpersonWalking,"[517, 92, 608, 300]"
P_00003,PennFudanPed/PNGImages/PennPed00003.png,PASpersonWalking,"[8, 33, 174, 365]"
P_00003,PennFudanPed/PNGImages/PennPed00003.png,PASpersonWalking,"[452, 64, 531, 353]"
P_00003,PennFudanPed/PNGImages/PennPed00003.png,PASpersonWalking,"[531, 91, 661, 381]"
P_00004,PennFudanPed/PNGImages/PennPed00004.png,PASpersonWalking,"[67, 61, 170, 410]"
P_00004,PennFudanPed/PNGImages/PennPed00004.png,PASpersonWalking,"[155, 91, 253, 385]"
P_00004,PennFudanPed/PNGImages/PennPed00004.png,PASpersonWalking,"[228, 94, 325, 391]"
P_00004,PennFudanPed/PNGImages/PennPed00004.png,PASpersonWalking,"[417, 101, 516, 391]"
P_00004,PennFudanPed/PNGImages/PennPed00004.png,PASpersonWalking,"[595, 112, 734, 397]"
P_00005,PennFudanPed/PNGImages/PennPed00005.png,PASpersonStanding,"[68, 130, 159, 405]"
P_00005,PennFudanPed/PNGImages/PennPed00005.png,PASpersonStanding,"[165, 154, 252, 410]"
P_00005,PennFudanPed/PNGImages/PennPed00005.png,PASpersonWalking,"[263, 144, 415, 439]"
P_00005,PennFudanPed/PNGImages/PennPed00005.png,PASpersonWalking,"[540, 169, 666, 440]"
P_00005,PennFudanPed/PNGImages/PennPed00005.png,PASpersonStanding,"[602, 156, 701, 396]"
P_00006,PennFudanPed/PNGImages/PennPed00006.png,PASpersonWalking,"[111, 72, 199, 412]"
P_00006,PennFudanPed/PNGImages/PennPed00006.png,PASpersonWalking,"[231, 96, 329, 388]"
P_00006,PennFudanPed/PNGImages/PennPed00006.png,PASpersonWalking,"[443, 108, 608, 435]"
P_00006,PennFudanPed/PNGImages/PennPed00006.png,PASpersonWalking,"[3, 102, 69, 397]"
P_00007,PennFudanPed/PNGImages/PennPed00007.png,PASpersonWalking,"[42, 60, 165, 350]"
P_00007,PennFudanPed/PNGImages/PennPed00007.png,PASpersonWalking,"[127, 83, 201, 359]"
P_00007,PennFudanPed/PNGImages/PennPed00007.png,PASpersonWalking,"[187, 76, 309, 369]"
P_00007,PennFudanPed/PNGImages/PennPed00007.png,PASpersonWalking,"[299, 76, 381, 400]"
P_00007,PennFudanPed/PNGImages/PennPed00007.png,PASpersonWalking,"[426, 68, 527, 343]"
P_00008,PennFudanPed/PNGImages/PennPed00008.png,PASpersonWalking,"[47, 71, 177, 366]"
P_00008,PennFudanPed/PNGImages/PennPed00008.png,PASpersonWalking,"[199, 77, 305, 329]"
P_00008,PennFudanPed/PNGImages/PennPed00008.png,PASpersonWalking,"[256, 74, 394, 345]"
P_00008,PennFudanPed/PNGImages/PennPed00008.png,PASpersonWalking,"[343, 53, 421, 278]"
P_00009,PennFudanPed/PNGImages/PennPed00009.png,PASpersonWalking,"[47, 85, 147, 292]"
P_00009,PennFudanPed/PNGImages/PennPed00009.png,PASpersonWalking,"[163, 87, 240, 348]"
P_00009,PennFudanPed/PNGImages/PennPed00009.png,PASpersonWalking,"[225, 86, 300, 307]"
P_00009,PennFudanPed/PNGImages/PennPed00009.png,PASpersonWalking,"[316, 81, 391, 369]"
P_00009,PennFudanPed/PNGImages/PennPed00009.png,PASpersonWalking,"[375, 100, 471, 351]"
P_00009,PennFudanPed/PNGImages/PennPed00009.png,PASpersonWalking,"[470, 94, 559, 395]"
P_00009,PennFudanPed/PNGImages/PennPed00009.png,PASpersonWalking,"[533, 90, 605, 376]"
P_00010,PennFudanPed/PNGImages/PennPed00010.png,PASpersonStanding,"[18, 59, 103, 340]"
P_00010,PennFudanPed/PNGImages/PennPed00010.png,PASpersonStanding,"[186, 56, 262, 337]"
P_00010,PennFudanPed/PNGImages/PennPed00010.png,PASpersonWalking,"[309, 141, 437, 493]"
P_00010,PennFudanPed/PNGImages/PennPed00010.png,PASpersonWalking,"[475, 76, 619, 451]"
P_00010,PennFudanPed/PNGImages/PennPed00010.png,PASpersonWalking,"[392, 58, 485, 421]"
P_00010,PennFudanPed/PNGImages/PennPed00010.png,PASpersonWalking,"[563, 36, 681, 394]"
P_00011,PennFudanPed/PNGImages/PennPed00011.png,PASpersonWalking,"[92, 62, 236, 344]"
P_00011,PennFudanPed/PNGImages/PennPed00011.png,PASpersonWalking,"[242, 52, 301, 355]"
P_00012,PennFudanPed/PNGImages/PennPed00012.png,PASpersonWalking,"[114, 122, 212, 403]"
P_00013,PennFudanPed/PNGImages/PennPed00013.png,PASpersonWalking,"[98, 79, 210, 359]"
P_00013,PennFudanPed/PNGImages/PennPed00013.png,PASpersonWalking,"[259, 96, 364, 359]"
P_00013,PennFudanPed/PNGImages/PennPed00013.png,PASpersonWalking,"[384, 81, 498, 355]"
P_00013,PennFudanPed/PNGImages/PennPed00013.png,PASpersonWalking,"[215, 91, 257, 193]"
P_00014,PennFudanPed/PNGImages/PennPed00014.png,PASpersonWalking,"[127, 40, 206, 229]"
P_00014,PennFudanPed/PNGImages/PennPed00014.png,PASpersonWalking,"[209, 69, 312, 337]"
P_00014,PennFudanPed/PNGImages/PennPed00014.png,PASpersonWalking,"[354, 60, 448, 337]"
P_00014,PennFudanPed/PNGImages/PennPed00014.png,PASpersonWalking,"[286, 41, 353, 225]"
P_00015,PennFudanPed/PNGImages/PennPed00015.png,PASpersonWalking,"[123, 98, 280, 414]"
P_00015,PennFudanPed/PNGImages/PennPed00015.png,PASpersonWalking,"[286, 91, 448, 378]"
P_00015,PennFudanPed/PNGImages/PennPed00015.png,PASpersonWalking,"[749, 94, 834, 382]"
P_00016,PennFudanPed/PNGImages/PennPed00016.png,PASpersonStanding,"[86, 51, 146, 362]"
P_00016,PennFudanPed/PNGImages/PennPed00016.png,PASpersonStanding,"[236, 93, 329, 382]"
P_00016,PennFudanPed/PNGImages/PennPed00016.png,PASpersonStanding,"[468, 66, 579, 367]"
P_00017,PennFudanPed/PNGImages/PennPed00017.png,PASpersonWalking,"[115, 50, 204, 387]"
P_00017,PennFudanPed/PNGImages/PennPed00017.png,PASpersonWalking,"[259, 49, 398, 336]"
P_00018,PennFudanPed/PNGImages/PennPed00018.png,PASpersonWalking,"[65, 32, 145, 327]"
P_00018,PennFudanPed/PNGImages/PennPed00018.png,PASpersonWalking,"[181, 69, 262, 308]"
P_00019,PennFudanPed/PNGImages/PennPed00019.png,PASpersonWalking,"[17, 78, 106, 356]"
P_00019,PennFudanPed/PNGImages/PennPed00019.png,PASpersonWalking,"[160, 70, 249, 361]"
P_00019,PennFudanPed/PNGImages/PennPed00019.png,PASpersonWalking,"[315, 60, 390, 364]"
P_00019,PennFudanPed/PNGImages/PennPed00019.png,PASpersonWalking,"[368, 47, 474, 370]"
P_00019,PennFudanPed/PNGImages/PennPed00019.png,PASpersonWalking,"[464, 75, 539, 362]"
P_00019,PennFudanPed/PNGImages/PennPed00019.png,PASpersonWalking,"[525, 80, 639, 375]"
P_00019,PennFudanPed/PNGImages/PennPed00019.png,PASpersonWalking,"[600, 78, 704, 375]"
P_00020,PennFudanPed/PNGImages/PennPed00020.png,PASpersonWalking,"[142, 121, 264, 379]"
P_00020,PennFudanPed/PNGImages/PennPed00020.png,PASpersonWalking,"[387, 76, 516, 365]"
P_00020,PennFudanPed/PNGImages/PennPed00020.png,PASpersonWalking,"[445, 77, 607, 369]"
P_00021,PennFudanPed/PNGImages/PennPed00021.png,PASpersonWalking,"[68, 118, 218, 407]"
P_00021,PennFudanPed/PNGImages/PennPed00021.png,PASpersonWalking,"[464, 81, 588, 382]"
P_00021,PennFudanPed/PNGImages/PennPed00021.png,PASpersonWalking,"[559, 111, 681, 381]"
P_00022,PennFudanPed/PNGImages/PennPed00022.png,PASpersonWalking,"[30, 118, 167, 413]"
P_00022,PennFudanPed/PNGImages/PennPed00022.png,PASpersonWalking,"[120, 149, 257, 413]"
P_00022,PennFudanPed/PNGImages/PennPed00022.png,PASpersonWalking,"[216, 152, 354, 416]"
P_00022,PennFudanPed/PNGImages/PennPed00022.png,PASpersonWalking,"[705, 129, 839, 390]"
P_00022,PennFudanPed/PNGImages/PennPed00022.png,PASpersonWalking,"[345, 162, 424, 342]"
P_00023,PennFudanPed/PNGImages/PennPed00023.png,PASpersonWalking,"[107, 60, 275, 363]"
P_00024,PennFudanPed/PNGImages/PennPed00024.png,PASpersonStanding,"[71, 58, 170, 350]"
P_00025,PennFudanPed/PNGImages/PennPed00025.png,PASpersonWalking,"[72, 34, 216, 310]"
P_00025,PennFudanPed/PNGImages/PennPed00025.png,PASpersonWalking,"[189, 151, 276, 304]"
P_00025,PennFudanPed/PNGImages/PennPed00025.png,PASpersonWalking,"[390, 2, 421, 71]"
P_00026,PennFudanPed/PNGImages/PennPed00026.png,PASpersonWalking,"[303, 94, 447, 382]"
P_00026,PennFudanPed/PNGImages/PennPed00026.png,PASpersonWalking,"[200, 120, 291, 373]"
P_00027,PennFudanPed/PNGImages/PennPed00027.png,PASpersonStanding,"[126, 93, 218, 363]"
P_00027,PennFudanPed/PNGImages/PennPed00027.png,PASpersonStanding,"[204, 81, 322, 367]"
P_00027,PennFudanPed/PNGImages/PennPed00027.png,PASpersonStanding,"[347, 89, 463, 342]"
P_00028,PennFudanPed/PNGImages/PennPed00028.png,PASpersonWalking,"[211, 50, 325, 334]"
P_00029,PennFudanPed/PNGImages/PennPed00029.png,PASpersonStanding,"[114, 65, 214, 370]"
P_00029,PennFudanPed/PNGImages/PennPed00029.png,PASpersonStanding,"[274, 98, 339, 391]"
P_00029,PennFudanPed/PNGImages/PennPed00029.png,PASpersonStanding,"[363, 102, 466, 388]"
P_00029,PennFudanPed/PNGImages/PennPed00029.png,PASpersonStanding,"[509, 103, 585, 392]"
P_00030,PennFudanPed/PNGImages/PennPed00030.png,PASpersonWalking,"[139, 37, 253, 339]"
P_00030,PennFudanPed/PNGImages/PennPed00030.png,PASpersonWalking,"[3, 37, 95, 342]"
P_00030,PennFudanPed/PNGImages/PennPed00030.png,PASpersonWalking,"[316, 43, 448, 339]"
P_00031,PennFudanPed/PNGImages/PennPed00031.png,PASpersonWalking,"[244, 42, 390, 329]"
P_00032,PennFudanPed/PNGImages/PennPed00032.png,PASpersonWalking,"[98, 50, 203, 329]"
P_00033,PennFudanPed/PNGImages/PennPed00033.png,PASpersonWalking,"[32, 37, 126, 370]"
P_00033,PennFudanPed/PNGImages/PennPed00033.png,PASpersonWalking,"[110, 50, 214, 376]"
P_00033,PennFudanPed/PNGImages/PennPed00033.png,PASpersonWalking,"[392, 70, 519, 368]"
P_00033,PennFudanPed/PNGImages/PennPed00033.png,PASpersonWalking,"[274, 149, 389, 333]"
P_00034,PennFudanPed/PNGImages/PennPed00034.png,PASpersonWalking,"[108, 58, 289, 391]"
P_00034,PennFudanPed/PNGImages/PennPed00034.png,PASpersonWalking,"[302, 63, 405, 344]"
P_00034,PennFudanPed/PNGImages/PennPed00034.png,PASpersonWalking,"[369, 67, 493, 353]"
P_00034,PennFudanPed/PNGImages/PennPed00034.png,PASpersonWalking,"[181, 63, 278, 374]"
P_00035,PennFudanPed/PNGImages/PennPed00035.png,PASpersonWalking,"[169, 30, 275, 331]"
P_00035,PennFudanPed/PNGImages/PennPed00035.png,PASpersonWalking,"[367, 54, 541, 333]"
P_00035,PennFudanPed/PNGImages/PennPed00035.png,PASpersonWalking,"[121, 33, 208, 322]"
P_00036,PennFudanPed/PNGImages/PennPed00036.png,PASpersonWalking,"[56, 62, 164, 330]"
P_00036,PennFudanPed/PNGImages/PennPed00036.png,PASpersonWalking,"[514, 34, 636, 328]"
P_00037,PennFudanPed/PNGImages/PennPed00037.png,PASpersonWalking,"[229, 24, 328, 307]"
P_00038,PennFudanPed/PNGImages/PennPed00038.png,PASpersonWalking,"[232, 39, 368, 316]"
P_00039,PennFudanPed/PNGImages/PennPed00039.png,PASpersonWalking,"[326, 73, 411, 360]"
P_00040,PennFudanPed/PNGImages/PennPed00040.png,PASpersonWalking,"[203, 42, 318, 330]"
P_00041,PennFudanPed/PNGImages/PennPed00041.png,PASpersonWalking,"[353, 99, 467, 380]"
P_00042,PennFudanPed/PNGImages/PennPed00042.png,PASpersonWalking,"[273, 37, 379, 312]"
P_00042,PennFudanPed/PNGImages/PennPed00042.png,PASpersonWalking,"[403, 36, 472, 310]"
P_00043,PennFudanPed/PNGImages/PennPed00043.png,PASpersonWalking,"[189, 47, 297, 334]"
P_00043,PennFudanPed/PNGImages/PennPed00043.png,PASpersonWalking,"[332, 63, 434, 328]"
P_00043,PennFudanPed/PNGImages/PennPed00043.png,PASpersonWalking,"[142, 78, 199, 254]"
P_00043,PennFudanPed/PNGImages/PennPed00043.png,PASpersonWalking,"[282, 78, 328, 253]"
P_00043,PennFudanPed/PNGImages/PennPed00043.png,PASpersonWalking,"[430, 73, 456, 154]"
P_00044,PennFudanPed/PNGImages/PennPed00044.png,PASpersonWalking,"[71, 36, 170, 329]"
P_00044,PennFudanPed/PNGImages/PennPed00044.png,PASpersonWalking,"[253, 63, 336, 282]"
P_00044,PennFudanPed/PNGImages/PennPed00044.png,PASpersonWalking,"[332, 54, 408, 276]"
P_00044,PennFudanPed/PNGImages/PennPed00044.png,PASpersonWalking,"[181, 76, 225, 193]"
P_00045,PennFudanPed/PNGImages/PennPed00045.png,PASpersonWalking,"[70, 64, 193, 365]"
P_00045,PennFudanPed/PNGImages/PennPed00045.png,PASpersonWalking,"[226, 65, 321, 360]"
P_00045,PennFudanPed/PNGImages/PennPed00045.png,PASpersonWalking,"[324, 67, 436, 347]"
P_00045,PennFudanPed/PNGImages/PennPed00045.png,PASpersonWalking,"[526, 45, 639, 348]"
P_00045,PennFudanPed/PNGImages/PennPed00045.png,PASpersonWalking,"[425, 67, 485, 217]"
P_00045,PennFudanPed/PNGImages/PennPed00045.png,PASpersonWalking,"[494, 62, 548, 214]"
P_00046,PennFudanPed/PNGImages/PennPed00046.png,PASpersonWalking,"[21, 58, 111, 323]"
P_00046,PennFudanPed/PNGImages/PennPed00046.png,PASpersonWalking,"[318, 22, 420, 319]"
P_00046,PennFudanPed/PNGImages/PennPed00046.png,PASpersonWalking,"[421, 62, 441, 119]"
P_00047,PennFudanPed/PNGImages/PennPed00047.png,PASpersonWalking,"[116, 57, 253, 336]"
P_00047,PennFudanPed/PNGImages/PennPed00047.png,PASpersonWalking,"[246, 33, 381, 320]"
P_00047,PennFudanPed/PNGImages/PennPed00047.png,PASpersonWalking,"[362, 42, 427, 194]"
P_00048,PennFudanPed/PNGImages/PennPed00048.png,PASpersonWalking,"[27, 33, 118, 326]"
P_00048,PennFudanPed/PNGImages/PennPed00048.png,PASpersonWalking,"[116, 35, 198, 321]"
P_00048,PennFudanPed/PNGImages/PennPed00048.png,PASpersonWalking,"[263, 21, 385, 369]"
P_00049,PennFudanPed/PNGImages/PennPed00049.png,PASpersonWalking,"[82, 48, 176, 346]"
P_00049,PennFudanPed/PNGImages/PennPed00049.png,PASpersonWalking,"[175, 45, 253, 337]"
P_00049,PennFudanPed/PNGImages/PennPed00049.png,PASpersonWalking,"[252, 81, 307, 237]"
P_00049,PennFudanPed/PNGImages/PennPed00049.png,PASpersonWalking,"[310, 77, 368, 240]"
P_00050,PennFudanPed/PNGImages/PennPed00050.png,PASpersonWalking,"[91, 41, 196, 291]"
P_00051,PennFudanPed/PNGImages/PennPed00051.png,PASpersonWalking,"[38, 52, 203, 326]"
P_00051,PennFudanPed/PNGImages/PennPed00051.png,PASpersonWalking,"[314, 67, 481, 365]"
P_00051,PennFudanPed/PNGImages/PennPed00051.png,PASpersonWalking,"[459, 34, 587, 373]"
P_00051,PennFudanPed/PNGImages/PennPed00051.png,PASpersonWalking,"[554, 67, 628, 339]"
P_00052,PennFudanPed/PNGImages/PennPed00052.png,PASpersonWalking,"[77, 137, 175, 428]"
P_00052,PennFudanPed/PNGImages/PennPed00052.png,PASpersonWalking,"[169, 181, 294, 491]"
P_00052,PennFudanPed/PNGImages/PennPed00052.png,PASpersonWalking,"[403, 157, 494, 400]"
P_00052,PennFudanPed/PNGImages/PennPed00052.png,PASpersonWalking,"[524, 83, 613, 393]"
P_00052,PennFudanPed/PNGImages/PennPed00052.png,PASpersonWalking,"[279, 179, 334, 314]"
P_00053,PennFudanPed/PNGImages/PennPed00053.png,PASpersonWalking,"[15, 29, 124, 325]"
P_00053,PennFudanPed/PNGImages/PennPed00053.png,PASpersonWalking,"[169, 27, 266, 329]"
P_00054,PennFudanPed/PNGImages/PennPed00054.png,PASpersonWalking,"[43, 22, 128, 317]"
P_00055,PennFudanPed/PNGImages/PennPed00055.png,PASpersonWalking,"[96, 51, 208, 341]"
P_00055,PennFudanPed/PNGImages/PennPed00055.png,PASpersonWalking,"[29, 8, 122, 283]"
P_00056,PennFudanPed/PNGImages/PennPed00056.png,PASpersonStanding,"[175, 106, 271, 398]"
P_00056,PennFudanPed/PNGImages/PennPed00056.png,PASpersonStanding,"[140, 122, 193, 384]"
P_00056,PennFudanPed/PNGImages/PennPed00056.png,PASpersonStanding,"[257, 98, 306, 386]"
P_00057,PennFudanPed/PNGImages/PennPed00057.png,PASpersonStanding,"[158, 64, 261, 352]"
P_00057,PennFudanPed/PNGImages/PennPed00057.png,PASpersonWalking,"[198, 18, 266, 294]"
P_00058,PennFudanPed/PNGImages/PennPed00058.png,PASpersonWalking,"[167, 27, 245, 316]"
P_00058,PennFudanPed/PNGImages/PennPed00058.png,PASpersonWalking,"[228, 31, 307, 291]"
P_00058,PennFudanPed/PNGImages/PennPed00058.png,PASpersonWalking,"[321, 65, 452, 351]"
P_00058,PennFudanPed/PNGImages/PennPed00058.png,PASpersonWalking,"[295, 22, 374, 274]"
P_00059,PennFudanPed/PNGImages/PennPed00059.png,PASpersonWalking,"[80, 44, 177, 337]"
P_00059,PennFudanPed/PNGImages/PennPed00059.png,PASpersonWalking,"[381, 36, 529, 323]"
P_00060,PennFudanPed/PNGImages/PennPed00060.png,PASpersonWalking,"[43, 23, 142, 326]"
P_00060,PennFudanPed/PNGImages/PennPed00060.png,PASpersonWalking,"[189, 21, 283, 230]"
P_00060,PennFudanPed/PNGImages/PennPed00060.png,PASpersonWalking,"[117, 28, 191, 226]"
P_00060,PennFudanPed/PNGImages/PennPed00060.png,PASpersonStanding,"[273, 81, 389, 327]"
P_00060,PennFudanPed/PNGImages/PennPed00060.png,PASpersonStanding,"[378, 31, 476, 330]"
P_00061,PennFudanPed/PNGImages/PennPed00061.png,PASpersonWalking,"[34, 17, 143, 307]"
P_00061,PennFudanPed/PNGImages/PennPed00061.png,PASpersonWalking,"[250, 57, 275, 146]"
P_00062,PennFudanPed/PNGImages/PennPed00062.png,PASpersonWalking,"[86, 15, 184, 301]"
P_00062,PennFudanPed/PNGImages/PennPed00062.png,PASpersonWalking,"[176, 35, 288, 305]"
P_00062,PennFudanPed/PNGImages/PennPed00062.png,PASpersonWalking,"[2, 46, 57, 223]"
P_00062,PennFudanPed/PNGImages/PennPed00062.png,PASpersonWalking,"[321, 54, 373, 234]"
P_00063,PennFudanPed/PNGImages/PennPed00063.png,PASpersonWalking,"[88, 50, 262, 339]"
P_00064,PennFudanPed/PNGImages/PennPed00064.png,PASpersonWalking,"[226, 29, 334, 314]"
P_00065,PennFudanPed/PNGImages/PennPed00065.png,PASpersonWalking,"[24, 21, 139, 304]"
P_00066,PennFudanPed/PNGImages/PennPed00066.png,PASpersonWalking,"[11, 76, 128, 365]"
P_00066,PennFudanPed/PNGImages/PennPed00066.png,PASpersonWalking,"[265, 33, 398, 312]"
P_00066,PennFudanPed/PNGImages/PennPed00066.png,PASpersonWalking,"[76, 30, 189, 345]"
P_00067,PennFudanPed/PNGImages/PennPed00067.png,PASpersonWalking,"[37, 13, 184, 298]"
P_00068,PennFudanPed/PNGImages/PennPed00068.png,PASpersonWalking,"[43, 89, 153, 364]"
P_00068,PennFudanPed/PNGImages/PennPed00068.png,PASpersonWalking,"[189, 56, 283, 349]"
P_00068,PennFudanPed/PNGImages/PennPed00068.png,PASpersonWalking,"[430, 37, 568, 349]"
P_00068,PennFudanPed/PNGImages/PennPed00068.png,PASpersonStanding,"[384, 47, 455, 223]"
P_00069,PennFudanPed/PNGImages/PennPed00069.png,PASpersonWalking,"[59, 44, 149, 330]"
P_00069,PennFudanPed/PNGImages/PennPed00069.png,PASpersonWalking,"[169, 40, 269, 310]"
P_00070,PennFudanPed/PNGImages/PennPed00070.png,PASpersonWalking,"[15, 24, 122, 341]"
P_00070,PennFudanPed/PNGImages/PennPed00070.png,PASpersonWalking,"[185, 14, 306, 312]"
P_00071,PennFudanPed/PNGImages/PennPed00071.png,PASpersonWalking,"[49, 19, 171, 361]"
P_00071,PennFudanPed/PNGImages/PennPed00071.png,PASpersonWalking,"[292, 44, 386, 305]"
P_00071,PennFudanPed/PNGImages/PennPed00071.png,PASpersonWalking,"[476, 25, 567, 302]"
P_00071,PennFudanPed/PNGImages/PennPed00071.png,PASpersonWalking,"[600, 13, 716, 306]"
P_00071,PennFudanPed/PNGImages/PennPed00071.png,PASpersonWalking,"[567, 53, 612, 180]"
P_00071,PennFudanPed/PNGImages/PennPed00071.png,PASpersonWalking,"[709, 53, 744, 174]"
P_00072,PennFudanPed/PNGImages/PennPed00072.png,PASpersonWalking,"[134, 25, 254, 337]"
P_00072,PennFudanPed/PNGImages/PennPed00072.png,PASpersonWalking,"[280, 52, 431, 330]"
P_00073,PennFudanPed/PNGImages/PennPed00073.png,PASpersonWalking,"[98, 38, 191, 326]"
P_00073,PennFudanPed/PNGImages/PennPed00073.png,PASpersonWalking,"[182, 46, 277, 340]"
P_00073,PennFudanPed/PNGImages/PennPed00073.png,PASpersonWalking,"[316, 51, 413, 331]"
P_00074,PennFudanPed/PNGImages/PennPed00074.png,PASpersonWalking,"[259, 31, 422, 317]"
P_00074,PennFudanPed/PNGImages/PennPed00074.png,PASpersonWalking,"[198, 23, 283, 303]"
P_00074,PennFudanPed/PNGImages/PennPed00074.png,PASpersonWalking,"[117, 48, 223, 295]"
P_00075,PennFudanPed/PNGImages/PennPed00075.png,PASpersonWalking,"[194, 23, 335, 308]"
P_00076,PennFudanPed/PNGImages/PennPed00076.png,PASpersonStanding,"[187, 29, 320, 319]"
P_00077,PennFudanPed/PNGImages/PennPed00077.png,PASpersonWalking,"[65, 27, 181, 317]"
P_00078,PennFudanPed/PNGImages/PennPed00078.png,PASpersonWalking,"[216, 59, 320, 355]"
P_00079,PennFudanPed/PNGImages/PennPed00079.png,PASpersonWalking,"[206, 25, 324, 320]"
P_00080,PennFudanPed/PNGImages/PennPed00080.png,PASpersonWalking,"[72, 47, 175, 339]"
P_00080,PennFudanPed/PNGImages/PennPed00080.png,PASpersonWalking,"[198, 43, 314, 339]"
P_00080,PennFudanPed/PNGImages/PennPed00080.png,PASpersonWalking,"[320, 44, 422, 332]"
P_00081,PennFudanPed/PNGImages/PennPed00081.png,PASpersonWalking,"[148, 85, 240, 366]"
P_00081,PennFudanPed/PNGImages/PennPed00081.png,PASpersonWalking,"[233, 54, 337, 360]"
P_00081,PennFudanPed/PNGImages/PennPed00081.png,PASpersonWalking,"[330, 75, 455, 366]"
P_00082,PennFudanPed/PNGImages/PennPed00082.png,PASpersonWalking,"[80, 22, 229, 312]"
P_00083,PennFudanPed/PNGImages/PennPed00083.png,PASpersonStanding,"[108, 32, 249, 327]"
P_00083,PennFudanPed/PNGImages/PennPed00083.png,PASpersonStanding,"[38, 22, 124, 299]"
P_00084,PennFudanPed/PNGImages/PennPed00084.png,PASpersonWalking,"[142, 46, 310, 342]"
P_00084,PennFudanPed/PNGImages/PennPed00084.png,PASpersonWalking,"[274, 21, 362, 334]"
P_00084,PennFudanPed/PNGImages/PennPed00084.png,PASpersonStanding,"[161, 95, 208, 258]"
P_00085,PennFudanPed/PNGImages/PennPed00085.png,PASpersonWalking,"[89, 27, 200, 302]"
P_00085,PennFudanPed/PNGImages/PennPed00085.png,PASpersonWalking,"[245, 38, 368, 329]"
P_00086,PennFudanPed/PNGImages/PennPed00086.png,PASpersonStanding,"[8, 33, 109, 253]"
P_00086,PennFudanPed/PNGImages/PennPed00086.png,PASpersonWalking,"[208, 49, 306, 318]"
P_00086,PennFudanPed/PNGImages/PennPed00086.png,PASpersonWalking,"[345, 32, 457, 325]"
P_00086,PennFudanPed/PNGImages/PennPed00086.png,PASpersonWalking,"[73, 163, 180, 353]"
P_00086,PennFudanPed/PNGImages/PennPed00086.png,PASpersonWalking,"[113, 65, 164, 197]"
P_00087,PennFudanPed/PNGImages/PennPed00087.png,PASpersonWalking,"[23, 16, 148, 322]"
P_00088,PennFudanPed/PNGImages/PennPed00088.png,PASpersonWalking,"[73, 18, 215, 312]"
P_00089,PennFudanPed/PNGImages/PennPed00089.png,PASpersonStanding,"[85, 25, 165, 294]"
P_00089,PennFudanPed/PNGImages/PennPed00089.png,PASpersonWalking,"[140, 6, 297, 309]"
P_00090,PennFudanPed/PNGImages/PennPed00090.png,PASpersonWalking,"[80, 23, 212, 358]"
P_00090,PennFudanPed/PNGImages/PennPed00090.png,PASpersonWalking,"[43, 39, 122, 346]"
P_00090,PennFudanPed/PNGImages/PennPed00090.png,PASpersonWalking,"[206, 38, 366, 326]"
P_00091,PennFudanPed/PNGImages/PennPed00091.png,PASpersonWalking,"[212, 26, 336, 321]"
P_00092,PennFudanPed/PNGImages/PennPed00092.png,PASpersonWalking,"[106, 76, 311, 434]"
P_00092,PennFudanPed/PNGImages/PennPed00092.png,PASpersonWalking,"[288, 94, 464, 390]"
P_00093,PennFudanPed/PNGImages/PennPed00093.png,PASpersonWalking,"[51, 6, 222, 302]"
P_00094,PennFudanPed/PNGImages/PennPed00094.png,PASpersonWalking,"[122, 27, 256, 322]"
P_00095,PennFudanPed/PNGImages/PennPed00095.png,PASpersonWalking,"[193, 50, 300, 337]"
P_00095,PennFudanPed/PNGImages/PennPed00095.png,PASpersonWalking,"[320, 55, 432, 335]"
P_00096,PennFudanPed/PNGImages/PennPed00096.png,PASpersonWalking,"[6, 38, 103, 324]"
P_00096,PennFudanPed/PNGImages/PennPed00096.png,PASpersonWalking,"[101, 26, 206, 323]"
